beds.slots,world_id,hours,Beds in use,Patients waiting,Patients treated,Patients died
115,0,0.0,6.0,0.0,0.0,0.0
115,0,1.0,10.0,0.0,0.0,0.0
115,0,2.0,17.0,0.0,0.0,0.0
115,0,3.0,19.0,0.0,0.0,0.0
115,0,4.0,26.0,0.0,0.0,0.0
115,0,5.0,33.0,0.0,0.0,0.0
115,0,6.0,37.0,0.0,0.0,0.0
115,0,7.0,42.0,0.0,0.0,0.0
115,0,8.0,48.0,0.0,0.0,0.0
115,0,9.0,53.0,0.0,0.0,0.0
115,0,10.0,60.0,0.0,0.0,0.0
115,0,11.0,66.0,0.0,0.0,0.0
115,0,12.0,70.0,0.0,0.0,0.0
115,0,13.0,74.0,0.0,0.0,0.0
115,0,14.0,77.0,0.0,0.0,0.0
115,0,15.0,79.0,0.0,0.0,0.0
115,0,16.0,80.0,0.0,1.0,0.0
115,0,17.0,88.0,0.0,2.0,0.0
115,0,18.0,94.0,0.0,2.0,0.0
115,0,19.0,97.0,0.0,2.0,0.0
115,0,20.0,104.0,0.0,3.0,0.0
115,0,21.0,108.0,0.0,3.0,0.0
115,0,22.0,108.0,0.0,3.0,0.0
115,0,23.0,112.0,0.0,6.0,0.0
115,0,24.0,111.0,2.0,7.0,0.0
115,0,25.0,113.0,5.0,11.0,0.0
115,0,26.0,112.0,7.0,13.0,0.0
115,0,27.0,112.0,11.0,16.0,0.0
115,0,28.0,111.0,17.0,19.0,0.0
115,0,29.0,113.0,16.0,23.0,0.0
115,0,30.0,113.0,19.0,25.0,3.0
115,0,31.0,112.0,21.0,27.0,4.0
115,0,32.0,114.0,19.0,30.0,6.0
115,0,33.0,110.0,21.0,31.0,13.0
115,0,34.0,109.0,17.0,36.0,15.0
115,0,35.0,112.0,13.0,42.0,19.0
115,0,36.0,113.0,19.0,45.0,24.0
115,0,37.0,112.0,23.0,47.0,24.0
115,0,38.0,112.0,27.0,50.0,28.0
115,0,39.0,111.0,26.0,53.0,32.0
115,0,40.0,110.0,29.0,57.0,35.0
115,0,41.0,110.0,20.0,62.0,42.0
115,0,42.0,110.0,17.0,67.0,45.0
115,0,43.0,107.0,14.0,72.0,49.0
115,0,44.0,114.0,8.0,80.0,52.0
115,0,45.0,113.0,12.0,81.0,54.0
115,0,46.0,112.0,12.0,83.0,54.0
115,0,47.0,112.0,11.0,86.0,57.0
115,0,48.0,109.0,11.0,89.0,59.0
115,0,49.0,110.0,10.0,95.0,59.0
115,0,50.0,114.0,12.0,100.0,60.0
115,0,51.0,111.0,14.0,101.0,61.0
115,0,52.0,113.0,17.0,105.0,62.0
115,0,53.0,112.0,20.0,107.0,64.0
115,0,54.0,113.0,21.0,110.0,65.0
115,0,55.0,112.0,25.0,112.0,70.0
115,0,56.0,115.0,27.0,115.0,74.0
115,0,57.0,110.0,35.0,115.0,80.0
115,0,58.0,113.0,24.0,120.0,84.0
115,0,59.0,111.0,28.0,122.0,88.0
115,0,60.0,112.0,25.0,126.0,93.0
115,0,61.0,113.0,20.0,129.0,97.0
115,0,62.0,113.0,24.0,131.0,104.0
115,0,63.0,111.0,27.0,133.0,109.0
115,0,64.0,115.0,20.0,137.0,111.0
115,0,65.0,111.0,28.0,137.0,114.0
115,0,66.0,112.0,27.0,141.0,116.0
115,0,67.0,113.0,24.0,144.0,122.0
115,0,68.0,113.0,25.0,146.0,127.0
115,0,69.0,112.0,27.0,148.0,132.0
115,0,70.0,111.0,26.0,151.0,137.0
115,0,71.0,108.0,26.0,155.0,141.0
115,0,72.0,111.0,25.0,162.0,144.0
115,0,73.0,112.0,26.0,166.0,149.0
115,0,74.0,112.0,29.0,169.0,154.0
115,0,75.0,109.0,26.0,172.0,159.0
115,0,76.0,111.0,19.0,178.0,164.0
115,0,77.0,114.0,21.0,182.0,170.0
115,0,78.0,113.0,24.0,183.0,174.0
115,0,79.0,114.0,27.0,185.0,181.0
115,0,80.0,113.0,30.0,186.0,184.0
115,0,81.0,114.0,31.0,188.0,188.0
115,0,82.0,112.0,32.0,189.0,195.0
115,0,83.0,114.0,28.0,192.0,199.0
115,0,84.0,111.0,32.0,193.0,207.0
115,0,85.0,112.0,23.0,197.0,211.0
115,0,86.0,114.0,19.0,200.0,216.0
115,0,87.0,113.0,26.0,201.0,219.0
115,0,88.0,113.0,28.0,203.0,225.0
115,0,89.0,114.0,31.0,205.0,228.0
115,0,90.0,114.0,37.0,206.0,233.0
115,0,91.0,114.0,38.0,207.0,237.0
115,0,92.0,114.0,35.0,208.0,242.0
115,0,93.0,115.0,30.0,209.0,249.0
115,0,94.0,110.0,33.0,209.0,255.0
115,0,95.0,114.0,20.0,214.0,259.0
115,0,96.0,114.0,19.0,215.0,267.0
115,0,97.0,113.0,20.0,216.0,270.0
115,0,98.0,114.0,19.0,218.0,271.0
115,0,99.0,114.0,27.0,219.0,273.0
115,0,100.0,114.0,32.0,220.0,280.0
115,0,101.0,114.0,35.0,221.0,283.0
115,0,102.0,115.0,37.0,222.0,288.0
115,0,103.0,113.0,41.0,222.0,292.0
115,0,104.0,114.0,30.0,224.0,301.0
115,0,105.0,113.0,30.0,225.0,306.0
115,0,106.0,114.0,24.0,227.0,310.0
115,0,107.0,115.0,25.0,228.0,313.0
115,0,108.0,114.0,31.0,228.0,317.0
115,0,109.0,113.0,33.0,229.0,318.0
115,0,110.0,114.0,37.0,231.0,326.0
115,0,111.0,115.0,33.0,232.0,332.0
115,0,112.0,114.0,37.0,232.0,335.0
115,0,113.0,114.0,40.0,233.0,339.0
115,0,114.0,114.0,40.0,234.0,345.0
115,0,115.0,114.0,38.0,235.0,352.0
115,0,116.0,114.0,36.0,236.0,355.0
115,0,117.0,114.0,37.0,237.0,361.0
115,0,118.0,115.0,35.0,238.0,366.0
115,0,119.0,112.0,40.0,238.0,373.0
115,0,120.0,114.0,25.0,241.0,378.0
115,0,121.0,114.0,19.0,242.0,384.0
115,0,122.0,114.0,12.0,243.0,387.0
115,0,123.0,115.0,5.0,244.0,387.0
115,0,124.0,114.0,5.0,244.0,391.0
115,0,125.0,114.0,4.0,245.0,391.0
115,0,126.0,113.0,0.0,246.0,391.0
115,0,127.0,113.0,0.0,247.0,391.0
115,0,128.0,111.0,0.0,247.0,391.0
115,0,129.0,110.0,0.0,249.0,391.0
115,0,130.0,109.0,0.0,250.0,391.0
115,0,131.0,108.0,0.0,251.0,391.0
115,0,132.0,108.0,0.0,252.0,391.0
115,0,133.0,107.0,0.0,252.0,391.0
115,0,134.0,105.0,0.0,253.0,391.0
115,0,135.0,104.0,0.0,255.0,391.0
115,0,136.0,104.0,0.0,256.0,391.0
115,0,137.0,103.0,0.0,256.0,391.0
115,0,138.0,102.0,0.0,257.0,391.0
115,0,139.0,101.0,0.0,258.0,391.0
115,0,140.0,100.0,0.0,259.0,391.0
115,0,141.0,99.0,0.0,260.0,391.0
115,0,142.0,98.0,0.0,261.0,391.0
115,0,143.0,98.0,0.0,262.0,391.0
115,0,144.0,95.0,0.0,262.0,391.0
115,0,145.0,94.0,0.0,265.0,391.0
115,0,146.0,93.0,0.0,266.0,391.0
115,0,147.0,92.0,0.0,267.0,391.0
115,0,148.0,92.0,0.0,268.0,391.0
115,0,149.0,91.0,0.0,268.0,391.0
115,0,150.0,91.0,0.0,269.0,391.0
140,1,0.0,6.0,0.0,0.0,0.0
140,1,1.0,10.0,0.0,0.0,0.0
140,1,2.0,17.0,0.0,0.0,0.0
140,1,3.0,19.0,0.0,0.0,0.0
140,1,4.0,26.0,0.0,0.0,0.0
140,1,5.0,33.0,0.0,0.0,0.0
140,1,6.0,37.0,0.0,0.0,0.0
140,1,7.0,42.0,0.0,0.0,0.0
140,1,8.0,48.0,0.0,0.0,0.0
140,1,9.0,53.0,0.0,0.0,0.0
140,1,10.0,60.0,0.0,0.0,0.0
140,1,11.0,66.0,0.0,0.0,0.0
140,1,12.0,70.0,0.0,0.0,0.0
140,1,13.0,74.0,0.0,0.0,0.0
140,1,14.0,77.0,0.0,0.0,0.0
140,1,15.0,79.0,0.0,0.0,0.0
140,1,16.0,80.0,0.0,1.0,0.0
140,1,17.0,88.0,0.0,2.0,0.0
140,1,18.0,94.0,0.0,2.0,0.0
140,1,19.0,97.0,0.0,2.0,0.0
140,1,20.0,104.0,0.0,3.0,0.0
140,1,21.0,108.0,0.0,3.0,0.0
140,1,22.0,108.0,0.0,3.0,0.0
140,1,23.0,112.0,0.0,6.0,0.0
140,1,24.0,113.0,0.0,7.0,0.0
140,1,25.0,118.0,0.0,11.0,0.0
140,1,26.0,119.0,0.0,13.0,0.0
140,1,27.0,123.0,0.0,16.0,0.0
140,1,28.0,128.0,0.0,19.0,0.0
140,1,29.0,129.0,0.0,23.0,0.0
140,1,30.0,133.0,0.0,25.0,0.0
140,1,31.0,135.0,0.0,27.0,0.0
140,1,32.0,135.0,0.0,30.0,0.0
140,1,33.0,135.0,1.0,31.0,0.0
140,1,34.0,133.0,0.0,36.0,0.0
140,1,35.0,135.0,0.0,42.0,0.0
140,1,36.0,138.0,5.0,45.0,0.0
140,1,37.0,137.0,9.0,47.0,0.0
140,1,38.0,137.0,13.0,50.0,0.0
140,1,39.0,136.0,15.0,53.0,2.0
140,1,40.0,135.0,16.0,57.0,5.0
140,1,41.0,135.0,12.0,62.0,8.0
140,1,42.0,134.0,10.0,67.0,9.0
140,1,43.0,132.0,6.0,73.0,11.0
140,1,44.0,139.0,3.0,81.0,12.0
140,1,45.0,135.0,7.0,82.0,12.0
140,1,46.0,138.0,4.0,87.0,12.0
140,1,47.0,136.0,7.0,89.0,13.0
140,1,48.0,136.0,8.0,93.0,14.0
140,1,49.0,135.0,9.0,97.0,14.0
140,1,50.0,134.0,11.0,102.0,15.0
140,1,51.0,135.0,8.0,108.0,15.0
140,1,52.0,137.0,11.0,113.0,16.0
140,1,53.0,136.0,13.0,116.0,18.0
140,1,54.0,133.0,15.0,120.0,19.0
140,1,55.0,130.0,12.0,127.0,22.0
140,1,56.0,135.0,7.0,137.0,25.0
140,1,57.0,136.0,10.0,142.0,27.0
140,1,58.0,137.0,11.0,146.0,28.0
140,1,59.0,137.0,14.0,149.0,29.0
140,1,60.0,140.0,16.0,152.0,30.0
140,1,61.0,135.0,18.0,152.0,32.0
140,1,62.0,135.0,17.0,157.0,35.0
140,1,63.0,137.0,15.0,162.0,40.0
140,1,64.0,139.0,17.0,165.0,41.0
140,1,65.0,136.0,24.0,166.0,43.0
140,1,66.0,138.0,25.0,170.0,45.0
140,1,67.0,137.0,25.0,172.0,49.0
140,1,68.0,136.0,25.0,175.0,54.0
140,1,69.0,132.0,25.0,179.0,59.0
140,1,70.0,133.0,20.0,187.0,64.0
140,1,71.0,137.0,19.0,194.0,68.0
140,1,72.0,135.0,24.0,197.0,69.0
140,1,73.0,135.0,23.0,202.0,71.0
140,1,74.0,136.0,23.0,207.0,75.0
140,1,75.0,132.0,21.0,211.0,79.0
140,1,76.0,140.0,14.0,219.0,82.0
140,1,77.0,138.0,21.0,219.0,86.0
140,1,78.0,135.0,23.0,221.0,87.0
140,1,79.0,136.0,20.0,226.0,94.0
140,1,80.0,137.0,21.0,230.0,97.0
140,1,81.0,133.0,26.0,233.0,100.0
140,1,82.0,138.0,18.0,240.0,104.0
140,1,83.0,138.0,22.0,242.0,107.0
140,1,84.0,134.0,19.0,244.0,110.0
140,1,85.0,139.0,16.0,250.0,112.0
140,1,86.0,134.0,18.0,251.0,116.0
140,1,87.0,135.0,19.0,257.0,117.0
140,1,88.0,138.0,21.0,262.0,122.0
140,1,89.0,140.0,25.0,264.0,123.0
140,1,90.0,136.0,32.0,264.0,126.0
140,1,91.0,138.0,33.0,268.0,128.0
140,1,92.0,137.0,33.0,270.0,133.0
140,1,93.0,134.0,27.0,273.0,140.0
140,1,94.0,136.0,18.0,279.0,146.0
140,1,95.0,137.0,19.0,283.0,150.0
140,1,96.0,137.0,17.0,286.0,158.0
140,1,97.0,134.0,18.0,289.0,161.0
140,1,98.0,138.0,14.0,295.0,162.0
140,1,99.0,138.0,22.0,297.0,163.0
140,1,100.0,135.0,26.0,299.0,167.0
140,1,101.0,138.0,24.0,304.0,170.0
140,1,102.0,136.0,28.0,306.0,175.0
140,1,103.0,138.0,28.0,310.0,179.0
140,1,104.0,138.0,20.0,312.0,187.0
140,1,105.0,138.0,26.0,314.0,192.0
140,1,106.0,137.0,21.0,316.0,196.0
140,1,107.0,136.0,21.0,319.0,199.0
140,1,108.0,136.0,21.0,323.0,203.0
140,1,109.0,137.0,22.0,327.0,204.0
140,1,110.0,140.0,27.0,330.0,210.0
140,1,111.0,138.0,33.0,330.0,216.0
140,1,112.0,137.0,28.0,332.0,219.0
140,1,113.0,139.0,29.0,335.0,223.0
140,1,114.0,136.0,34.0,336.0,229.0
140,1,115.0,139.0,23.0,340.0,236.0
140,1,116.0,136.0,30.0,341.0,239.0
140,1,117.0,138.0,30.0,345.0,245.0
140,1,118.0,137.0,28.0,347.0,250.0
140,1,119.0,139.0,23.0,350.0,257.0
140,1,120.0,139.0,21.0,351.0,262.0
140,1,121.0,139.0,19.0,352.0,268.0
140,1,122.0,138.0,12.0,353.0,271.0
140,1,123.0,138.0,4.0,355.0,271.0
140,1,124.0,137.0,0.0,357.0,275.0
140,1,125.0,135.0,0.0,358.0,275.0
140,1,126.0,135.0,0.0,360.0,275.0
140,1,127.0,134.0,0.0,360.0,275.0
140,1,128.0,132.0,0.0,361.0,275.0
140,1,129.0,131.0,0.0,363.0,275.0
140,1,130.0,130.0,0.0,364.0,275.0
140,1,131.0,128.0,0.0,365.0,275.0
140,1,132.0,126.0,0.0,367.0,275.0
140,1,133.0,126.0,0.0,369.0,275.0
140,1,134.0,125.0,0.0,369.0,275.0
140,1,135.0,125.0,0.0,370.0,275.0
140,1,136.0,124.0,0.0,370.0,275.0
140,1,137.0,123.0,0.0,371.0,275.0
140,1,138.0,122.0,0.0,372.0,275.0
140,1,139.0,120.0,0.0,373.0,275.0
140,1,140.0,119.0,0.0,375.0,275.0
140,1,141.0,117.0,0.0,376.0,275.0
140,1,142.0,116.0,0.0,378.0,275.0
140,1,143.0,114.0,0.0,379.0,275.0
140,1,144.0,114.0,0.0,381.0,275.0
140,1,145.0,113.0,0.0,381.0,275.0
140,1,146.0,112.0,0.0,382.0,275.0
140,1,147.0,110.0,0.0,383.0,275.0
140,1,148.0,110.0,0.0,385.0,275.0
165,2,0.0,6.0,0.0,0.0,0.0
165,2,1.0,10.0,0.0,0.0,0.0
165,2,2.0,17.0,0.0,0.0,0.0
165,2,3.0,19.0,0.0,0.0,0.0
165,2,4.0,26.0,0.0,0.0,0.0
165,2,5.0,33.0,0.0,0.0,0.0
165,2,6.0,37.0,0.0,0.0,0.0
165,2,7.0,42.0,0.0,0.0,0.0
165,2,8.0,48.0,0.0,0.0,0.0
165,2,9.0,53.0,0.0,0.0,0.0
165,2,10.0,60.0,0.0,0.0,0.0
165,2,11.0,66.0,0.0,0.0,0.0
165,2,12.0,70.0,0.0,0.0,0.0
165,2,13.0,74.0,0.0,0.0,0.0
165,2,14.0,77.0,0.0,0.0,0.0
165,2,15.0,79.0,0.0,0.0,0.0
165,2,16.0,80.0,0.0,1.0,0.0
165,2,17.0,88.0,0.0,2.0,0.0
165,2,18.0,94.0,0.0,2.0,0.0
165,2,19.0,97.0,0.0,2.0,0.0
165,2,20.0,104.0,0.0,3.0,0.0
165,2,21.0,108.0,0.0,3.0,0.0
165,2,22.0,108.0,0.0,3.0,0.0
165,2,23.0,112.0,0.0,6.0,0.0
165,2,24.0,113.0,0.0,7.0,0.0
165,2,25.0,118.0,0.0,11.0,0.0
165,2,26.0,119.0,0.0,13.0,0.0
165,2,27.0,123.0,0.0,16.0,0.0
165,2,28.0,128.0,0.0,19.0,0.0
165,2,29.0,129.0,0.0,23.0,0.0
165,2,30.0,133.0,0.0,25.0,0.0
165,2,31.0,135.0,0.0,27.0,0.0
165,2,32.0,135.0,0.0,30.0,0.0
165,2,33.0,136.0,0.0,31.0,0.0
165,2,34.0,133.0,0.0,36.0,0.0
165,2,35.0,135.0,0.0,42.0,0.0
165,2,36.0,143.0,0.0,45.0,0.0
165,2,37.0,146.0,0.0,47.0,0.0
165,2,38.0,150.0,0.0,50.0,0.0
165,2,39.0,151.0,0.0,53.0,0.0
165,2,40.0,153.0,0.0,57.0,0.0
165,2,41.0,151.0,0.0,62.0,0.0
165,2,42.0,149.0,0.0,67.0,0.0
165,2,43.0,144.0,0.0,73.0,0.0
165,2,44.0,148.0,0.0,81.0,0.0
165,2,45.0,148.0,0.0,82.0,0.0
165,2,46.0,148.0,0.0,87.0,0.0
165,2,47.0,149.0,0.0,89.0,0.0
165,2,48.0,150.0,0.0,93.0,0.0
165,2,49.0,150.0,0.0,97.0,0.0
165,2,50.0,151.0,0.0,102.0,0.0
165,2,51.0,149.0,0.0,108.0,0.0
165,2,52.0,154.0,0.0,113.0,0.0
165,2,53.0,155.0,0.0,116.0,0.0
165,2,54.0,152.0,0.0,120.0,0.0
165,2,55.0,150.0,0.0,129.0,0.0
165,2,56.0,149.0,0.0,138.0,0.0
165,2,57.0,152.0,0.0,144.0,0.0
165,2,58.0,155.0,0.0,149.0,0.0
165,2,59.0,158.0,0.0,151.0,0.0
165,2,60.0,160.0,0.0,154.0,0.0
165,2,61.0,156.0,0.0,157.0,0.0
165,2,62.0,161.0,0.0,163.0,0.0
165,2,63.0,163.0,2.0,167.0,0.0
165,2,64.0,162.0,5.0,169.0,0.0
165,2,65.0,162.0,10.0,172.0,0.0
165,2,66.0,164.0,12.0,175.0,0.0
165,2,67.0,158.0,14.0,176.0,0.0
165,2,68.0,162.0,12.0,183.0,1.0
165,2,69.0,158.0,16.0,186.0,2.0
165,2,70.0,157.0,15.0,193.0,2.0
165,2,71.0,158.0,14.0,201.0,3.0
165,2,72.0,159.0,15.0,208.0,4.0
165,2,73.0,160.0,14.0,214.0,6.0
165,2,74.0,161.0,15.0,219.0,8.0
165,2,75.0,162.0,12.0,223.0,10.0
165,2,76.0,164.0,12.0,226.0,11.0
165,2,77.0,158.0,18.0,227.0,12.0
165,2,78.0,159.0,15.0,234.0,13.0
165,2,79.0,162.0,16.0,240.0,19.0
165,2,80.0,158.0,19.0,243.0,21.0
165,2,81.0,159.0,17.0,250.0,24.0
165,2,82.0,158.0,16.0,256.0,27.0
165,2,83.0,164.0,12.0,263.0,30.0
165,2,84.0,155.0,16.0,264.0,33.0
165,2,85.0,158.0,9.0,274.0,35.0
165,2,86.0,159.0,5.0,281.0,36.0
165,2,87.0,160.0,7.0,287.0,37.0
165,2,88.0,163.0,10.0,292.0,39.0
165,2,89.0,162.0,16.0,294.0,39.0
165,2,90.0,161.0,20.0,297.0,40.0
165,2,91.0,161.0,21.0,301.0,42.0
165,2,92.0,157.0,21.0,305.0,43.0
165,2,93.0,158.0,15.0,313.0,45.0
165,2,94.0,161.0,11.0,320.0,47.0
165,2,95.0,163.0,12.0,324.0,47.0
165,2,96.0,152.0,12.0,326.0,49.0
165,2,97.0,162.0,6.0,339.0,49.0
165,2,98.0,158.0,5.0,342.0,49.0
165,2,99.0,163.0,8.0,349.0,49.0
165,2,100.0,156.0,12.0,351.0,49.0
165,2,101.0,162.0,10.0,360.0,49.0
165,2,102.0,160.0,13.0,363.0,51.0
165,2,103.0,163.0,12.0,368.0,51.0
165,2,104.0,161.0,10.0,370.0,53.0
165,2,105.0,161.0,13.0,374.0,56.0
165,2,106.0,163.0,14.0,378.0,56.0
165,2,107.0,159.0,16.0,380.0,57.0
165,2,108.0,162.0,15.0,386.0,58.0
165,2,109.0,156.0,17.0,389.0,59.0
165,2,110.0,162.0,17.0,398.0,60.0
165,2,111.0,161.0,20.0,401.0,64.0
165,2,112.0,159.0,19.0,405.0,65.0
165,2,113.0,160.0,17.0,411.0,67.0
165,2,114.0,160.0,19.0,416.0,69.0
165,2,115.0,160.0,18.0,421.0,70.0
165,2,116.0,160.0,21.0,426.0,70.0
165,2,117.0,159.0,22.0,431.0,73.0
165,2,118.0,161.0,15.0,437.0,74.0
165,2,119.0,160.0,16.0,441.0,77.0
165,2,120.0,158.0,9.0,446.0,80.0
165,2,121.0,158.0,0.0,453.0,82.0
165,2,122.0,152.0,0.0,459.0,82.0
165,2,123.0,144.0,0.0,465.0,82.0
165,2,124.0,139.0,0.0,473.0,82.0
165,2,125.0,133.0,0.0,478.0,82.0
165,2,126.0,128.0,0.0,484.0,82.0
165,2,127.0,123.0,0.0,489.0,82.0
165,2,128.0,121.0,0.0,494.0,82.0
165,2,129.0,119.0,0.0,496.0,82.0
165,2,130.0,109.0,0.0,498.0,82.0
165,2,131.0,108.0,0.0,508.0,82.0
165,2,132.0,101.0,0.0,509.0,82.0
165,2,133.0,95.0,0.0,516.0,82.0
165,2,134.0,90.0,0.0,522.0,82.0
165,2,135.0,87.0,0.0,527.0,82.0
165,2,136.0,84.0,0.0,530.0,82.0
165,2,137.0,82.0,0.0,533.0,82.0
165,2,138.0,79.0,0.0,535.0,82.0
165,2,139.0,74.0,0.0,538.0,82.0
165,2,140.0,71.0,0.0,543.0,82.0
165,2,141.0,66.0,0.0,546.0,82.0
165,2,142.0,58.0,0.0,551.0,82.0
165,2,143.0,55.0,0.0,559.0,82.0
165,2,144.0,53.0,0.0,562.0,82.0
165,2,145.0,51.0,0.0,564.0,82.0
165,2,146.0,47.0,0.0,566.0,82.0
165,2,147.0,46.0,0.0,570.0,82.0
165,2,148.0,45.0,0.0,571.0,82.0
165,2,149.0,44.0,0.0,572.0,82.0
165,2,150.0,44.0,0.0,573.0,82.0
165,2,151.0,44.0,0.0,573.0,82.0
165,2,152.0,44.0,0.0,573.0,82.0
165,2,153.0,43.0,0.0,573.0,82.0
165,2,154.0,43.0,0.0,574.0,82.0
165,2,155.0,42.0,0.0,574.0,82.0
165,2,156.0,41.0,0.0,575.0,82.0
165,2,157.0,41.0,0.0,576.0,82.0
165,2,158.0,41.0,0.0,576.0,82.0
165,2,159.0,41.0,0.0,576.0,82.0
165,2,160.0,41.0,0.0,576.0,82.0
165,2,161.0,41.0,0.0,576.0,82.0
165,2,162.0,41.0,0.0,576.0,82.0
165,2,163.0,41.0,0.0,576.0,82.0
165,2,164.0,41.0,0.0,576.0,82.0
165,2,165.0,41.0,0.0,576.0,82.0
165,2,166.0,40.0,0.0,576.0,82.0
165,2,167.0,40.0,0.0,577.0,82.0
165,2,168.0,39.0,0.0,577.0,82.0
165,2,169.0,39.0,0.0,578.0,82.0
190,3,0.0,6.0,0.0,0.0,0.0
190,3,1.0,10.0,0.0,0.0,0.0
190,3,2.0,17.0,0.0,0.0,0.0
190,3,3.0,19.0,0.0,0.0,0.0
190,3,4.0,26.0,0.0,0.0,0.0
190,3,5.0,33.0,0.0,0.0,0.0
190,3,6.0,37.0,0.0,0.0,0.0
190,3,7.0,42.0,0.0,0.0,0.0
190,3,8.0,48.0,0.0,0.0,0.0
190,3,9.0,53.0,0.0,0.0,0.0
190,3,10.0,60.0,0.0,0.0,0.0
190,3,11.0,66.0,0.0,0.0,0.0
190,3,12.0,70.0,0.0,0.0,0.0
190,3,13.0,74.0,0.0,0.0,0.0
190,3,14.0,77.0,0.0,0.0,0.0
190,3,15.0,79.0,0.0,0.0,0.0
190,3,16.0,80.0,0.0,1.0,0.0
190,3,17.0,88.0,0.0,2.0,0.0
190,3,18.0,94.0,0.0,2.0,0.0
190,3,19.0,97.0,0.0,2.0,0.0
190,3,20.0,104.0,0.0,3.0,0.0
190,3,21.0,108.0,0.0,3.0,0.0
190,3,22.0,108.0,0.0,3.0,0.0
190,3,23.0,112.0,0.0,6.0,0.0
190,3,24.0,113.0,0.0,7.0,0.0
190,3,25.0,118.0,0.0,11.0,0.0
190,3,26.0,119.0,0.0,13.0,0.0
190,3,27.0,123.0,0.0,16.0,0.0
190,3,28.0,128.0,0.0,19.0,0.0
190,3,29.0,129.0,0.0,23.0,0.0
190,3,30.0,133.0,0.0,25.0,0.0
190,3,31.0,135.0,0.0,27.0,0.0
190,3,32.0,135.0,0.0,30.0,0.0
190,3,33.0,136.0,0.0,31.0,0.0
190,3,34.0,133.0,0.0,36.0,0.0
190,3,35.0,135.0,0.0,42.0,0.0
190,3,36.0,143.0,0.0,45.0,0.0
190,3,37.0,146.0,0.0,47.0,0.0
190,3,38.0,150.0,0.0,50.0,0.0
190,3,39.0,151.0,0.0,53.0,0.0
190,3,40.0,153.0,0.0,57.0,0.0
190,3,41.0,151.0,0.0,62.0,0.0
190,3,42.0,149.0,0.0,67.0,0.0
190,3,43.0,144.0,0.0,73.0,0.0
190,3,44.0,148.0,0.0,81.0,0.0
190,3,45.0,148.0,0.0,82.0,0.0
190,3,46.0,148.0,0.0,87.0,0.0
190,3,47.0,149.0,0.0,89.0,0.0
190,3,48.0,150.0,0.0,93.0,0.0
190,3,49.0,150.0,0.0,97.0,0.0
190,3,50.0,151.0,0.0,102.0,0.0
190,3,51.0,149.0,0.0,108.0,0.0
190,3,52.0,154.0,0.0,113.0,0.0
190,3,53.0,155.0,0.0,116.0,0.0
190,3,54.0,152.0,0.0,120.0,0.0
190,3,55.0,150.0,0.0,129.0,0.0
190,3,56.0,149.0,0.0,138.0,0.0
190,3,57.0,152.0,0.0,144.0,0.0
190,3,58.0,155.0,0.0,149.0,0.0
190,3,59.0,158.0,0.0,151.0,0.0
190,3,60.0,160.0,0.0,154.0,0.0
190,3,61.0,156.0,0.0,157.0,0.0
190,3,62.0,161.0,0.0,163.0,0.0
190,3,63.0,165.0,0.0,167.0,0.0
190,3,64.0,167.0,0.0,169.0,0.0
190,3,65.0,172.0,0.0,172.0,0.0
190,3,66.0,176.0,0.0,175.0,0.0
190,3,67.0,172.0,0.0,176.0,0.0
190,3,68.0,175.0,0.0,183.0,0.0
190,3,69.0,176.0,0.0,186.0,0.0
190,3,70.0,174.0,0.0,193.0,0.0
190,3,71.0,174.0,0.0,201.0,0.0
190,3,72.0,176.0,0.0,208.0,0.0
190,3,73.0,176.0,0.0,214.0,0.0
190,3,74.0,179.0,0.0,219.0,0.0
190,3,75.0,179.0,0.0,223.0,0.0
190,3,76.0,182.0,0.0,226.0,0.0
190,3,77.0,181.0,0.0,227.0,0.0
190,3,78.0,180.0,0.0,235.0,0.0
190,3,79.0,186.0,0.0,241.0,0.0
190,3,80.0,184.0,2.0,244.0,0.0
190,3,81.0,182.0,4.0,250.0,0.0
190,3,82.0,182.0,1.0,258.0,0.0
190,3,83.0,188.0,0.0,266.0,0.0
190,3,84.0,183.0,3.0,267.0,0.0
190,3,85.0,182.0,1.0,274.0,0.0
190,3,86.0,180.0,0.0,282.0,0.0
190,3,87.0,183.0,0.0,288.0,0.0
190,3,88.0,185.0,1.0,293.0,0.0
190,3,89.0,186.0,4.0,298.0,0.0
190,3,90.0,181.0,7.0,302.0,0.0
190,3,91.0,183.0,5.0,311.0,0.0
190,3,92.0,185.0,2.0,318.0,0.0
190,3,93.0,185.0,1.0,323.0,0.0
190,3,94.0,182.0,0.0,328.0,0.0
190,3,95.0,185.0,0.0,335.0,0.0
190,3,96.0,182.0,0.0,337.0,0.0
190,3,97.0,183.0,0.0,344.0,0.0
190,3,98.0,176.0,0.0,350.0,0.0
190,3,99.0,180.0,0.0,359.0,0.0
190,3,100.0,182.0,0.0,365.0,0.0
190,3,101.0,186.0,0.0,369.0,0.0
190,3,102.0,186.0,2.0,372.0,0.0
190,3,103.0,184.0,2.0,376.0,0.0
190,3,104.0,184.0,0.0,382.0,0.0
190,3,105.0,185.0,3.0,386.0,0.0
190,3,106.0,187.0,3.0,391.0,0.0
190,3,107.0,184.0,4.0,394.0,0.0
190,3,108.0,187.0,4.0,400.0,0.0
190,3,109.0,182.0,7.0,403.0,0.0
190,3,110.0,184.0,9.0,411.0,0.0
190,3,111.0,183.0,9.0,417.0,0.0
190,3,112.0,188.0,6.0,424.0,0.0
190,3,113.0,181.0,9.0,426.0,0.0
190,3,114.0,180.0,9.0,435.0,0.0
190,3,115.0,182.0,3.0,445.0,0.0
190,3,116.0,184.0,3.0,453.0,0.0
190,3,117.0,183.0,4.0,459.0,0.0
190,3,118.0,182.0,0.0,466.0,0.0
190,3,119.0,184.0,0.0,473.0,0.0
190,3,120.0,178.0,0.0,476.0,0.0
190,3,121.0,171.0,0.0,482.0,0.0
190,3,122.0,164.0,0.0,489.0,0.0
190,3,123.0,157.0,0.0,496.0,0.0
190,3,124.0,147.0,0.0,503.0,0.0
190,3,125.0,140.0,0.0,513.0,0.0
190,3,126.0,136.0,0.0,520.0,0.0
190,3,127.0,133.0,0.0,524.0,0.0
190,3,128.0,123.0,0.0,527.0,0.0
190,3,129.0,121.0,0.0,537.0,0.0
190,3,130.0,113.0,0.0,539.0,0.0
190,3,131.0,105.0,0.0,547.0,0.0
190,3,132.0,98.0,0.0,555.0,0.0
190,3,133.0,94.0,0.0,562.0,0.0
190,3,134.0,91.0,0.0,566.0,0.0
190,3,135.0,86.0,0.0,569.0,0.0
190,3,136.0,83.0,0.0,574.0,0.0
190,3,137.0,78.0,0.0,577.0,0.0
190,3,138.0,71.0,0.0,582.0,0.0
190,3,139.0,61.0,0.0,589.0,0.0
190,3,140.0,53.0,0.0,599.0,0.0
190,3,141.0,46.0,0.0,607.0,0.0
190,3,142.0,43.0,0.0,614.0,0.0
190,3,143.0,36.0,0.0,617.0,0.0
190,3,144.0,33.0,0.0,624.0,0.0
190,3,145.0,31.0,0.0,627.0,0.0
190,3,146.0,30.0,0.0,629.0,0.0
190,3,147.0,28.0,0.0,630.0,0.0
190,3,148.0,27.0,0.0,632.0,0.0
190,3,149.0,25.0,0.0,633.0,0.0
190,3,150.0,24.0,0.0,635.0,0.0
190,3,151.0,24.0,0.0,636.0,0.0
190,3,152.0,22.0,0.0,636.0,0.0
190,3,153.0,19.0,0.0,638.0,0.0
190,3,154.0,18.0,0.0,641.0,0.0
190,3,155.0,17.0,0.0,642.0,0.0
190,3,156.0,16.0,0.0,643.0,0.0
190,3,157.0,16.0,0.0,644.0,0.0
190,3,158.0,16.0,0.0,644.0,0.0
190,3,159.0,15.0,0.0,644.0,0.0
190,3,160.0,15.0,0.0,645.0,0.0
190,3,161.0,14.0,0.0,645.0,0.0
190,3,162.0,13.0,0.0,646.0,0.0
190,3,163.0,11.0,0.0,647.0,0.0
190,3,164.0,11.0,0.0,649.0,0.0
190,3,165.0,9.0,0.0,649.0,0.0
190,3,166.0,8.0,0.0,651.0,0.0
190,3,167.0,7.0,0.0,652.0,0.0
190,3,168.0,7.0,0.0,653.0,0.0
190,3,169.0,7.0,0.0,653.0,0.0
190,3,170.0,6.0,0.0,653.0,0.0
190,3,171.0,4.0,0.0,654.0,0.0
190,3,172.0,4.0,0.0,656.0,0.0
190,3,173.0,4.0,0.0,656.0,0.0
190,3,174.0,3.0,0.0,656.0,0.0
190,3,175.0,3.0,0.0,657.0,0.0
190,3,176.0,3.0,0.0,657.0,0.0
190,3,177.0,2.0,0.0,657.0,0.0
190,3,178.0,2.0,0.0,658.0,0.0
190,3,179.0,2.0,0.0,658.0,0.0
190,3,180.0,1.0,0.0,658.0,0.0
190,3,181.0,1.0,0.0,659.0,0.0
190,3,182.0,1.0,0.0,659.0,0.0
190,3,183.0,1.0,0.0,659.0,0.0
190,3,184.0,1.0,0.0,659.0,0.0
190,3,185.0,1.0,0.0,659.0,0.0
190,3,186.0,1.0,0.0,659.0,0.0
190,3,187.0,1.0,0.0,659.0,0.0
190,3,188.0,1.0,0.0,659.0,0.0
190,3,189.0,0.0,0.0,659.0,0.0
190,3,190.0,0.0,0.0,660.0,0.0
215,4,0.0,6.0,0.0,0.0,0.0
215,4,1.0,10.0,0.0,0.0,0.0
215,4,2.0,17.0,0.0,0.0,0.0
215,4,3.0,19.0,0.0,0.0,0.0
215,4,4.0,26.0,0.0,0.0,0.0
215,4,5.0,33.0,0.0,0.0,0.0
215,4,6.0,37.0,0.0,0.0,0.0
215,4,7.0,42.0,0.0,0.0,0.0
215,4,8.0,48.0,0.0,0.0,0.0
215,4,9.0,53.0,0.0,0.0,0.0
215,4,10.0,60.0,0.0,0.0,0.0
215,4,11.0,66.0,0.0,0.0,0.0
215,4,12.0,70.0,0.0,0.0,0.0
215,4,13.0,74.0,0.0,0.0,0.0
215,4,14.0,77.0,0.0,0.0,0.0
215,4,15.0,79.0,0.0,0.0,0.0
215,4,16.0,80.0,0.0,1.0,0.0
215,4,17.0,88.0,0.0,2.0,0.0
215,4,18.0,94.0,0.0,2.0,0.0
215,4,19.0,97.0,0.0,2.0,0.0
215,4,20.0,104.0,0.0,3.0,0.0
215,4,21.0,108.0,0.0,3.0,0.0
215,4,22.0,108.0,0.0,3.0,0.0
215,4,23.0,112.0,0.0,6.0,0.0
215,4,24.0,113.0,0.0,7.0,0.0
215,4,25.0,118.0,0.0,11.0,0.0
215,4,26.0,119.0,0.0,13.0,0.0
215,4,27.0,123.0,0.0,16.0,0.0
215,4,28.0,128.0,0.0,19.0,0.0
215,4,29.0,129.0,0.0,23.0,0.0
215,4,30.0,133.0,0.0,25.0,0.0
215,4,31.0,135.0,0.0,27.0,0.0
215,4,32.0,135.0,0.0,30.0,0.0
215,4,33.0,136.0,0.0,31.0,0.0
215,4,34.0,133.0,0.0,36.0,0.0
215,4,35.0,135.0,0.0,42.0,0.0
215,4,36.0,143.0,0.0,45.0,0.0
215,4,37.0,146.0,0.0,47.0,0.0
215,4,38.0,150.0,0.0,50.0,0.0
215,4,39.0,151.0,0.0,53.0,0.0
215,4,40.0,153.0,0.0,57.0,0.0
215,4,41.0,151.0,0.0,62.0,0.0
215,4,42.0,149.0,0.0,67.0,0.0
215,4,43.0,144.0,0.0,73.0,0.0
215,4,44.0,148.0,0.0,81.0,0.0
215,4,45.0,148.0,0.0,82.0,0.0
215,4,46.0,148.0,0.0,87.0,0.0
215,4,47.0,149.0,0.0,89.0,0.0
215,4,48.0,150.0,0.0,93.0,0.0
215,4,49.0,150.0,0.0,97.0,0.0
215,4,50.0,151.0,0.0,102.0,0.0
215,4,51.0,149.0,0.0,108.0,0.0
215,4,52.0,154.0,0.0,113.0,0.0
215,4,53.0,155.0,0.0,116.0,0.0
215,4,54.0,152.0,0.0,120.0,0.0
215,4,55.0,150.0,0.0,129.0,0.0
215,4,56.0,149.0,0.0,138.0,0.0
215,4,57.0,152.0,0.0,144.0,0.0
215,4,58.0,155.0,0.0,149.0,0.0
215,4,59.0,158.0,0.0,151.0,0.0
215,4,60.0,160.0,0.0,154.0,0.0
215,4,61.0,156.0,0.0,157.0,0.0
215,4,62.0,161.0,0.0,163.0,0.0
215,4,63.0,165.0,0.0,167.0,0.0
215,4,64.0,167.0,0.0,169.0,0.0
215,4,65.0,172.0,0.0,172.0,0.0
215,4,66.0,176.0,0.0,175.0,0.0
215,4,67.0,172.0,0.0,176.0,0.0
215,4,68.0,175.0,0.0,183.0,0.0
215,4,69.0,176.0,0.0,186.0,0.0
215,4,70.0,174.0,0.0,193.0,0.0
215,4,71.0,174.0,0.0,201.0,0.0
215,4,72.0,176.0,0.0,208.0,0.0
215,4,73.0,176.0,0.0,214.0,0.0
215,4,74.0,179.0,0.0,219.0,0.0
215,4,75.0,179.0,0.0,223.0,0.0
215,4,76.0,182.0,0.0,226.0,0.0
215,4,77.0,181.0,0.0,227.0,0.0
215,4,78.0,180.0,0.0,235.0,0.0
215,4,79.0,186.0,0.0,241.0,0.0
215,4,80.0,186.0,0.0,244.0,0.0
215,4,81.0,186.0,0.0,250.0,0.0
215,4,82.0,183.0,0.0,258.0,0.0
215,4,83.0,188.0,0.0,266.0,0.0
215,4,84.0,186.0,0.0,267.0,0.0
215,4,85.0,183.0,0.0,274.0,0.0
215,4,86.0,180.0,0.0,282.0,0.0
215,4,87.0,183.0,0.0,288.0,0.0
215,4,88.0,186.0,0.0,293.0,0.0
215,4,89.0,190.0,0.0,298.0,0.0
215,4,90.0,188.0,0.0,302.0,0.0
215,4,91.0,188.0,0.0,311.0,0.0
215,4,92.0,187.0,0.0,318.0,0.0
215,4,93.0,186.0,0.0,323.0,0.0
215,4,94.0,182.0,0.0,328.0,0.0
215,4,95.0,185.0,0.0,335.0,0.0
215,4,96.0,182.0,0.0,337.0,0.0
215,4,97.0,183.0,0.0,344.0,0.0
215,4,98.0,176.0,0.0,350.0,0.0
215,4,99.0,180.0,0.0,359.0,0.0
215,4,100.0,182.0,0.0,365.0,0.0
215,4,101.0,186.0,0.0,369.0,0.0
215,4,102.0,187.0,0.0,372.0,0.0
215,4,103.0,186.0,0.0,377.0,0.0
215,4,104.0,183.0,0.0,382.0,0.0
215,4,105.0,187.0,0.0,387.0,0.0
215,4,106.0,188.0,0.0,392.0,0.0
215,4,107.0,188.0,0.0,396.0,0.0
215,4,108.0,189.0,0.0,400.0,0.0
215,4,109.0,188.0,0.0,405.0,0.0
215,4,110.0,193.0,0.0,412.0,0.0
215,4,111.0,192.0,0.0,417.0,0.0
215,4,112.0,193.0,0.0,424.0,0.0
215,4,113.0,188.0,0.0,427.0,0.0
215,4,114.0,186.0,0.0,437.0,0.0
215,4,115.0,182.0,0.0,448.0,0.0
215,4,116.0,185.0,0.0,456.0,0.0
215,4,117.0,185.0,0.0,461.0,0.0
215,4,118.0,181.0,0.0,468.0,0.0
215,4,119.0,182.0,0.0,474.0,0.0
215,4,120.0,177.0,0.0,478.0,0.0
215,4,121.0,169.0,0.0,483.0,0.0
215,4,122.0,162.0,0.0,491.0,0.0
215,4,123.0,156.0,0.0,498.0,0.0
215,4,124.0,147.0,0.0,504.0,0.0
215,4,125.0,140.0,0.0,513.0,0.0
215,4,126.0,134.0,0.0,520.0,0.0
215,4,127.0,129.0,0.0,526.0,0.0
215,4,128.0,123.0,0.0,531.0,0.0
215,4,129.0,117.0,0.0,537.0,0.0
215,4,130.0,106.0,0.0,543.0,0.0
215,4,131.0,102.0,0.0,554.0,0.0
215,4,132.0,94.0,0.0,558.0,0.0
215,4,133.0,91.0,0.0,566.0,0.0
215,4,134.0,88.0,0.0,569.0,0.0
215,4,135.0,83.0,0.0,572.0,0.0
215,4,136.0,78.0,0.0,577.0,0.0
215,4,137.0,73.0,0.0,582.0,0.0
215,4,138.0,65.0,0.0,587.0,0.0
215,4,139.0,56.0,0.0,595.0,0.0
215,4,140.0,51.0,0.0,604.0,0.0
215,4,141.0,44.0,0.0,609.0,0.0
215,4,142.0,43.0,0.0,616.0,0.0
215,4,143.0,34.0,0.0,617.0,0.0
215,4,144.0,31.0,0.0,626.0,0.0
215,4,145.0,30.0,0.0,629.0,0.0
215,4,146.0,30.0,0.0,630.0,0.0
215,4,147.0,28.0,0.0,630.0,0.0
215,4,148.0,26.0,0.0,632.0,0.0
215,4,149.0,25.0,0.0,634.0,0.0
215,4,150.0,24.0,0.0,635.0,0.0
215,4,151.0,23.0,0.0,636.0,0.0
215,4,152.0,20.0,0.0,637.0,0.0
215,4,153.0,19.0,0.0,640.0,0.0
215,4,154.0,17.0,0.0,641.0,0.0
215,4,155.0,17.0,0.0,643.0,0.0
215,4,156.0,16.0,0.0,643.0,0.0
215,4,157.0,16.0,0.0,644.0,0.0
215,4,158.0,16.0,0.0,644.0,0.0
215,4,159.0,15.0,0.0,644.0,0.0
215,4,160.0,14.0,0.0,645.0,0.0
215,4,161.0,14.0,0.0,646.0,0.0
215,4,162.0,11.0,0.0,646.0,0.0
215,4,163.0,11.0,0.0,649.0,0.0
215,4,164.0,10.0,0.0,649.0,0.0
215,4,165.0,9.0,0.0,650.0,0.0
215,4,166.0,8.0,0.0,651.0,0.0
215,4,167.0,7.0,0.0,652.0,0.0
215,4,168.0,7.0,0.0,653.0,0.0
215,4,169.0,7.0,0.0,653.0,0.0
215,4,170.0,4.0,0.0,653.0,0.0
215,4,171.0,4.0,0.0,656.0,0.0
215,4,172.0,4.0,0.0,656.0,0.0
215,4,173.0,3.0,0.0,656.0,0.0
215,4,174.0,3.0,0.0,657.0,0.0
215,4,175.0,3.0,0.0,657.0,0.0
215,4,176.0,2.0,0.0,657.0,0.0
215,4,177.0,2.0,0.0,658.0,0.0
215,4,178.0,2.0,0.0,658.0,0.0
215,4,179.0,1.0,0.0,658.0,0.0
215,4,180.0,1.0,0.0,659.0,0.0
215,4,181.0,1.0,0.0,659.0,0.0
215,4,182.0,1.0,0.0,659.0,0.0
215,4,183.0,1.0,0.0,659.0,0.0
215,4,184.0,1.0,0.0,659.0,0.0
215,4,185.0,1.0,0.0,659.0,0.0
215,4,186.0,1.0,0.0,659.0,0.0
215,4,187.0,1.0,0.0,659.0,0.0
215,4,188.0,0.0,0.0,659.0,0.0
215,4,189.0,0.0,0.0,660.0,0.0
